Fund Name,P1,P2,P3,P4,P5,Topsis Score,Rank
M1,0.89,0.79,4.6,34.2,10.12,0.6236617623931928,6
M2,0.68,0.46,5.8,36.7,10.91,0.7453538750750082,3
M3,0.9,0.81,4.8,67.5,18.5,0.1404601975752449,8
M4,0.78,0.61,4.2,41.9,11.87,0.6793740234934202,5
M5,0.77,0.59,4.5,31.5,9.34,0.8106248840865184,2
M6,0.66,0.44,5.4,34.6,10.28,0.8143491957836416,1
M7,0.86,0.74,4.7,60.0,16.58,0.2530345526559232,7
M8,0.81,0.66,4.4,35.3,10.29,0.7208147556512926,4
